character,unique words
Cartman,172663
Stan,92489
Kyle,85106
Randy,41598
Butters,39728
Mr. Garrison,19796
Chef,14879
Mr. Mackey,14300
Sharon,11434
Jimmy,11172
Jimbo,9200
Announcer,9189
Gerald,8958
Wendy,7906
Kenny,7807
Sheila,7521
Liane,6988
Mrs. Garrison,6459
Stephen,6212
Narrator,5742
Jesus,4906
Principal Victoria,4850
Reporter,4611
Mayor,4301
Craig,3911
Michael,3898
Satan,3833
Linda,3598
Clyde,3374
Doctor,3293
Terrance,3258
Token,3245
Chris,3190
Ms. Choksondik,3105
Dr. Doctor,3092
Coon,3088
Field Reporter,2908
Scott,2817
Bebe,2682
Woman,2532
Mephesto,2514
Yates,2510
Pip,2509
Phillip,2502
Mr. Hankey,2501
Man,2444
Anchor,2292
Shelly,2280
Officer Barbrady,2266
General,2234
Tweek,2201
Priest Maxi,2042
Barbrady,2017
Tom,2003
Kanye,1990
Stuart,1987
Mysterion,1840
Towelie,1838
President,1824
Nathan,1808
Mayor McDaniels,1797
Mark,1705
Pete,1702
Ike,1646
Thomas,1634
Clerk,1610
Singers,1534
Singer,1486
Steve,1433
Saddam,1381
Russell Crowe,1349
Tuong Lu Kim,1336
Man 1,1334
Rob Reiner,1322
Big Gay Al,1318
Steven,1317
Producer,1293
Skeeter,1273
Driver,1230
Mrs. McCormick,1229
The Coon,1207
Al Gore,1203
Marvin,1189
Man 2,1182
Gary,1181
Stephen Abootman,1167
Obama,1154
Tom Cruise,1144
Manager,1140
Joe,1117
Rick,1097
Minister,1096
News Anchor,1093
Mingie,1073
Sgt. Yates,1072
Director,1071
Santa,1070
Henrietta,1054
Dr. Janus,1020
Coach,1017
Michael Chertoff,1016
Officer 1,1015
Kyle Two,1012
Dr. Chinstrap,1004
Janet,995
Skyler,990
Dean,987
Jared,949
Larry,949
Timmy,942
Anchorman,941
Mr. Connolly,938
Josh,937
Richard Tweak,924
Ms. Crabtree,908
Mr. Slave,905
Judge,899
Cesar,899
Richard,897
Brian,864
Mr. Adler,846
Darryl Weathers,840
Receptionist,840
Choir Teacher,839
Host,836
Mimsy,821
Tour Guide,818
Manson,812
Red,809
Agent,798
Pocket,798
Paris,792
Mr. Gueermo,790
Mr. Adams,790
Mr. Kim,786
Ned,785
Professor Chaos,780
John Edward,770
Peter,760
Niles,749
Dr. Adams,744
Murphy,740
Travis,735
Mint-Berry Crunch,730
Herbert Garrison,728
Man 3,726
Commander,715
Mackey,711
Squirt leader,705
Maury,702
Mechanic,699
Alien,695
Miss Stevens,691
Jonathan,686
Chairman,684
Captain,679
Captain Hindsight,679
Det. Harris,674
Dougie,671
Mickey,666
Tuong,662
Phil,660
DJ,650
Bill,650
Grandpa,647
Ms. Ellen,644
Smith,643
Oprah,635
Aslan,634
Frank,630
Mr. Hat,629
Kids,628
Mr. Kincade,628
Petey,626
Mr. Weatherhead,624
Officer,622
Record Executive,618
Lead Biker,617
Bush,612
Barbra Streisand,610
Shake Weight,609
Billy,608
Mitch Conner,606
Sister Anne,606
Dr. Biber,596
Operator,595
Toolshed,590
Teresa,588
Dawson,588
Romper Stomper,584
A British Person,583
Dad,580
Miles,579
Steve Jobs,574
Loogie,571
Mr. Wyland,571
Attorney,568
BSM-471,567
Dr. Mephesto,565
MC,564
Ms. Havisham,563
Mr. Dawkins,562
Pi Pi,560
Hansen,560
Father Maxi,555
Jeff,554
Grampa,554
Fanciful Mayor,553
Kelly,547
Crowd,543
Mr. Nelson,540
Officer 2,539
Time Child,537
Ugly Bob,534
Mitchell,532
Mr. Cotswolds,529
GRRM,528
Morpheus,528
Elder Garth,526
Teacher,520
Glen Dumont,519
Rancher,519
Lamond,516
Lawyer,514
Jakov,512
Runs with Premise,510
Woman 1,508
THC President,506
Funnybot,505
Miss Stevenson,503
Michelle,502
Martha,500
The Mayor,500
Nurse Gollum,499
Jennifer Lopez,498
Research Leader,485
Mike,480
Leonard Maltin,479
FOX President,478
Detective,478
Boy,478
Garrison,477
Governor,475
Pioneer Paul,471
Tammy,470
Guard,462
Roger,461
Connelly,456
P.F. Pityef,455
Lamont,454
Reeve,454
Phil Collins,454
Pat,452
Chief elder,451
Nelson,450
God,449
Stella,449
Mr. Evans,448
Leader,446
Boy 1,446
Frog King,445
Betsy,442
Teabag,441
Mr. Meryl,441
Tad,439
Corey,437
Tony Hayward,435
The Boys,434
Aussie,432
NAMBLA Leader,429
Kevin,428
Aide,427
Priest,426
Vampir,424
Cochran,424
Mel,421
Bishop,421
Rebecca,420
Nurse,420
Butler,419
Voice,417
Nichole,417
Father,417
Steven Spielberg,417
Therapist,415
Pearl,413
Broloff,413
Dr. Hallis,411
Townsfolk,411
Grammy,411
Morgan Freeman,409
Estella,405
Dan Snyder,405
Aide 1,405
Human Kite,405
Singer (background singers),404
Record Producer,404
Leslie,401
Greenfield,400
Jim Rome,399
Aide 2,398
Frans,398
Lisa,396
David,396
Boys,396
Future Stan,394
Man 4,393
Assistant,389
Blonde,389
Reporter 2,389
Lexus,388
Blaine,386
Pharmacist,385
Bridon,385
Dr. Lott,384
Terry,380
Howard,378
James Cameron,376
Mercedes,376
Postum,376
Older man,376
Jack,372
Evil Cartman,372
Jason,372
Shvek,372
Researcher,371
Tong Leader,371
Woman 2,368
Expert 9,366
Sphinx,366
Commentator,366
HBC President,365
Mr. Garrison Sr.,364
Gates,364
Bono,364
Robert,361
Canadians,361
Nerd #1,360
Chief,359
Balding Man,358
Cashier,357
Blanket,356
Water Tester,352
Elton,352
Rancher Bob,350
Netzel,349
Thumper,348
Security Guard,348
Mrs. Tweak,346
Ron,344
Speaker,343
Billy Mays,342
Ranger McFriendly,341
Damien,339
Homeless Advisor,336
Clinic Doctor,336
Miss Information,334
Trent,333
Keenan,333
Bradley,333
Bob,333
Truck Driver,330
Poe,330
Scott Tenorman,329
Ben,328
All,327
McCain,327
Jonas Brothers,327
Board Rep,325
Mr. Grazier,324
Sally,323
Harry,323
Abraham Lincoln,321
Allyson,320
Dr. Phillips,319
Teller,318
Barker,317
Border Officer 2,315
Hollis,314
PewDiePie,313
Coach Connors,313
Mrs. Garthunk,312
Fiancée,311
Pamphleteer,311
Mr. Foley,310
Judge Julie,310
Pilot,309
Mr. Donaldson,309
Mom,309
Joozian 1,308
Nelly,308
Brunet,308
Scientist,306
Old Cap,305
Mr. Thompson,305
Anchor Tom,304
Mosquito,304
Blavius,303
Dr. Roberts,303
President Hirohito,302
ATF lead,301
Jambu,300
Emperor Akihito,299
Girl,299
Tom Vilsack,298
Bus Driver,298
Catatafish,298
Gary Sr.,296
Official,296
Soldier,294
Sixth Grader 1,292
Tough Guy 1,292
Mr. Billings,290
Prince,289
John Garner,288
Ganz,288
El Presidente,288
Lead Scientist,287
Kyle Schwartz,287
Bundy,285
New Cartman,285
Cable Guy,285
DOI 1,284
Geoff Hamill,283
Robert Pooner,283
Rabbi 1,282
Larry King,282
Frederick,281
Doctor Pal,281
Will Smith,281
Network President,280
Photographer,280
Man 5,280
Harris,279
Bucky Bailey,279
Guard 2,278
Worker,277
Roy,277
Casey,276
Smalls,275
Boombox,275
Prof. Thomas,275
Waitress,275
Pinkerton,274
Katherine,274
UAA Leader,274
Newscaster,274
Mr. Takiyama,269
President Obama,268
Flight Attendant,268
M.C.,268
Jenny,268
Italian Cardinal,267
Ryan,267
Bob Saget,267
Lady Member,267
Geraldo,266
Choir,266
Veteran Guard,265
Harrison Moore,265
Partner,265
Matt,265
The Ghost of Human Kindness,263
Agent 2,262
Dan,260
Boy 2,260
Polly Prissypants,260
Barkeep,259
Heidi,257
Blond,256
Man with Terrible Skin Condition,256
Aaron Brown,255
Passenger,253
Nerd #2,252
Plex,251
Agent 1,250
Class,250
Worker 1,249
Det. Yates,249
Gardener,248
Nut Gobbler,248
Elder,247
Instructor,247
Charlie Rose,247
Moses,246
Mama,246
BB Founder,241
Karen,241
Chief David,241
Lola,240
Cornwallis,239
Mr. Ose,239
Announcer 1,238
Michael Deets,238
Elderly Woman,238
FBI Agent,238
KKK Leader,238
Camp Warden,237
Worker 2,235
The Doctor,234
McGee-zax,232
Officer 3,232
Martha Stewart,229
Junichi,229
McDonald's Exec,229
Kanye (backup singers),229
Squirrely,228
Researcher 1,228
Mickey Mouse,227
Reporter 1,226
Janet Reno,224
The Colonel,224
Member 1,224
Veronica,223
Dr. Oz,223
Kip,223
Man 7,223
Robert Redford,221
Mitch,219
Reporter 3,219
Ballmer,218
Voice-over,218
Kyle 1,218
Kurt Russell,217
Celine Dion,217
ESPN Host,217
News 4 Reporter,216
President Wulff,216
Cruise,216
A voice,216
Palin,215
Ticket Salesman,215
Wife,215
Alien Man,214
Coordinator,213
Jeff VanVonderen,213
Thom,213
Girl in Pink,212
George Lucas,211
Guide,210
Grandma,209
Homeowner,209
Cpt. Taylor,209
Fat Abbot,208
Joseph Smith,208
Gingers,208
Expert 4,208
Secretary,207
Sergeant,207
Brandon Carlile,206
Brunette,206
Charlie,206
Alec Baldwin,206
Stewart,206
Snetzl,205
SNN Anchor,205
Mime,205
Red Goth,205
ALF Leader,205
Janitor/Farmer 1,205
Akmarh,204
Mr. Testaburger,204
Comedian,203
Filmore,203
Tiger,202
Man with Foot on Head,202
SWAT Officer 2,201
Porsche,201
Hamlet,201
Puff Daddy,200
Kevin Harris,200
Kurt Loder,199
Harvey Brown,198
Spielberg,198
Fire Marshal,198
UPS Man,198
Cody,197
Man 6,197
Disfigured Country Singer,197
Ted Koppel,195
Security Agent,195
President Bush,195
Hillary,194
Elise,193
Director 2,192
Chief Running Pinto,192
Brett,191
Autumn,190
SNN Reporter,189
Vice President,189
A Boy,188
"Stan, Kyle",188
An old farmer,188
Miner 1,188
Chinese Commentator,187
TV Announcer,187
Magic,187
Jeffrey,186
Wall-Mart,186
Warden,186
Tall Goth,185
Chief Justice,183
Firkle,183
Fieldy,183
Fosse,183
Grandmama,183
Polly,183
Laura,182
Specialist,182
Singer (and backup singers),181
Aide 3,181
DA,180
Anchorman Tom,180
Older Man,179
Creamy Goodness,179
Canadian PM,178
Fire Captain,178
Townsman,177
Mrs. Testaburger,176
Referee,176
Osama bin Laden,176
Mr. Garrett,176
Mr. Fun,175
Mr. Brown,175
Joozian 2,173
Black Vamp,173
CNN Anchor,173
Vladimir,172
DiCaprio,172
Stagehand,172
Head Scoutmaster,171
The Kids of South Park Elementary,171
Reporter Chris,171
Blond Man,170
Guard 1,170
Head of Programming,169
Dan Akawa,168
Tony,168
Chief Running Water,168
Sally Struthers,168
Scientist 1,168
Tucker,168
Shawna,167
Gnome 2,167
Both,166
Goodell,166
Katie,165
Audience,165
Mr. Hardly,165
Elder 1,164
Hotline Voice,164
Intruder,164
Sarah,163
Xerxes,163
Clinton,163
Counselor,163
Chief of Security,163
Lolly,163
Mr. Stevenson,163
Chief Aide,163
Carlos Mencia,162
Bill Cosby,162
Aunt Flo,162
Beavery,162
Jonesy,161
Quincy,161
Apple Man 1,161
Brad Morgan,161
Mrs. Biggle,160
Pope Benedict,160
Sandy Cervix,160
Dr. Phil,160
Mr. Peters,160
Buff Crip,160
Richards,159
Mencia,159
Mr. Feegan,159
Director 3,158
DOI 2,158
Sondheim,158
Cardinal Mahoney,158
Blonde Girl,157
Luke Skywalker,157
Trainer,157
Rosie O'Donnell,157
Laborer 1,157
Mrs. Miller,156
General Tso,156
Elderly Man,156
Sixth Grade Leader,156
A Voice,155
Glen,155
Dr. Neeland,155
Bill O'Reilly,154
Big Harry,154
Demon 1,153
Cheerleaders,153
Boy in Blue Vest,153
Student,152
R. Kelly,152
Expert 1,152
Dr. Carroll,151
Fingerbang,151
Chris Martin,151
Lead tech,151
"You And Me, Girl",151
Saddam Hussein,151
Person,150
Eric Cartman,150
Player,150
Promoter,150
Clean Garrison,150
The Tape,150
Critters,149
Sorcerer,149
BHI President,149
Mrs. Stevens,149
Pat Sajak,149
Specialist 1,148
Chubby Official,148
Howard Stern,148
Ms. Garrison,148
Mr. Sanders,148
Mother,148
GS-401,147
Gnome,147
Michelle Obama,147
Hispanic Reporter,147
Man 8,147
NAMBLA leader,147
Marty,147
Chief Joe,147
Executor,146
Snoop Dogg,146
Chet,146
Executive 1,146
Mr. Biggle,146
Iraqi General,146
Annie,145
Mrs. Joe,145
Laertes,145
Mr. Donovan,145
Emir,144
Mr. Streible,144
Greg Nimins,144
MJ's hologram,144
Gerry,144
Clerk 4,143
Scientist 2,143
Bebe's Mom,143
Nicole,143
Spokesman,142
Medic,142
Mailman,141
Janitor,141
Johnson,141
Rebecca Turnod,141
Field Reporter 1,141
Pilgrim King,140
Chris Swollenballs,140
Transient Man 5,140
Cliff,140
Farmer,140
Alan Jackson,140
Minstrel,140
Galeed,140
Man 10,139
Vanity,139
Randy Newman,139
Officer 4,139
Driver 2,139
John Ramsey,139
Giant Douche,139
Breeder,138
Dentist,138
Publisher,138
Hackman,138
Girl 1,137
Police Chief,137
Pharaoh,137
Older Boy,137
Honey Boo Boo,137
Det. Jarvis,136
Dr. Katz,136
OC Leader,136
Tyler Perry,135
Publisher 1,135
Maggie,135
Conductor,133
Prosecutor,133
Girls,133
Group,132
Chad,132
Foofa,132
Profile Stan Marsh,132
Mohammad,132
Announcer 2,131
Bob Thomas,131
Nagix,131
Christine,130
Freddy Krueger,130
Beary,130
Jim Brown-ish,129
Mr. Hakeem,129
Anthropologist,128
President Clinton,128
Husband,126
Tom Snyder,126
French Captain,126
Dr. Schwartz,126
Nurse Bronski,126
Unkempt Garrison,126
Seaman,126
Anchor Man,125
Mrs. Garrison Sr.,125
Britney,125
Paul Stanley,125
Master,125
Cupid Me,125
Cameraman,125
Wayne D,124
Ex-Convict,124
Mary,124
Resident 4,124
Hooded Figure,124
MJ Hologram,123
Carol,123
Refugee Man 5,123
Smithy,122
Woman 3,122
Iggy,122
Mediator,122
Lollipop King,121
Boss,121
Sparrow Prince,121
Biker 6,121
Publisher 2,121
Jesse Jackson,121
Marcus,121
Man 11,120
George Zimmerman,120
Susan,120
Number 37,120
Chef's dad,119
Mrs. Farnickle,119
Krishna,119
Gabriel,119
Ohrlich,119
Rumpertumskin,119
"The New Lyrics, part II",119
Aging Hippie Liberal Douche,119
Chris Holt,119
Franklin,119
Teen Boy 6,118
Social Worker,118
Official 1,118
Squirrelly Squirrel,117
Nellie,117
Marklar,117
Boy In The Red Shirt,117
Michael Dorn,117
Mrs. Turner,117
SNN Correspondent,117
Elephant Man,117
Yoko Ono,116
R. Wiley,116
Amanda,116
Moroni,116
William,115
Adams,115
Lead Knight,115
Bartender,115
Bat Dad,115
Cult Leader,115
Head,114
NC 9 Reporter,113
Perseus,113
Ghost 2,112
Kenny's Mom,112
King,112
Talent Scout,112
John Warzog,112
Agent Clark,111
Subway Representative,111
Owner,111
Larsen,111
Gavin,110
Putin,110
Natalie,110
Pablo,110
Elon Musk,110
Beefcake,110
Gnome 1,110
Sawitsky,109
Jeffrey Maynard,109
Carlos Ramirez,109
Chef (falsetto),109
Biker 2,109
Man in Wheelchair,109
Dickinson,109
Dr. Shay,109
Jabs,108
Elin,108
Waiter,108
Quint 3,108
Lou,108
Clerk 2,108
Sarah McLachlan,108
Bart,108
Sir Harrington,108
The Scenes,108
Dave,107
EFSM President,107
Peterson,107
Female Voice,107
Resident 1,107
Mall Bunny,107
Officer 5,107
Little Chef,106
Mick,106
Sixth Grader 2,106
Boy in Green Shirt,106
Great-Great-Grampa,106
Actors,106
Female Psychic,106
Judge Moses,105
Steve Black,105
Rabbi,105
Van Gelder,104
CIA Leader 2,104
Center Judge,104
Demon 3,104
SP Cabbie,103
Turd Sandwich,103
Volunteer 2,103
Alex,103
Vet,103
News 4 Anchor,103
Babrady,102
Men,102
Man 9,102
Manymoons,102
Lead Agent,101
Adam Sandler,101
Jakartha,101
Stockbroker,100
Mrs. Weatherhead,100
Redneck 13,100
Elder 2,100
Mr. Jabs,100
Teen Girl,100
Doctor 2,100
Paul,99
Chocolate Rain Guy,99
Jim Lehrer,99
Lead Screener,99
Fireman 2,99
Lt. Nelson,99
Q Money,98
African-American,98
Gloria Allred,98
Cast,98
With Choir,98
Ozzy,97
Mr. Twig,97
Fifth Grader,97
FC Pitcher,97
Foreman,97
Lawrence,97
The KKK,96
CNN Reporter,96
Soldier 2,96
The New Lyrics,96
Pimp,96
Voice-Over,96
Butt Out!,96
Company rep,96
Teen MC,96
The Wise One,95
Marklar Leader,95
Postmaster,95
Exec. 2,95
Phillip Stand-in,95
Proctologist,95
Cpt. Gabriel,94
Soldier 3,94
People's Army Leader,94
Ambassador,94
Priest 1,94
Tom Davis,93
Music Instructor,93
Kip's Mom,93
K-10,93
Nancy,93
Bouncer,93
Paul Harris,92
Male Staffer,92
Gary Nelson,92
Lil Kathie Lee,92
Cartman (Butters),92
Russian,92
Runs With Premise,92
Mr. Turner,92
Tech 3,92
Walter Cronkite,92
Pimp 2,92
Umpire,92
Mrs. Gueermo,91
Jay Leno,91
Bobo,91
Mrs. Cotswolds,90
Farmer Carl,90
Mr. Yelman,90
Alton Brown,90
Mrs. Tweek,90
Commentator 1,89
Persian 2,89
Anderson Cooper,89
Director 1,89
Customer,89
Salesman,89
Patsy Ramsey,89
Officer 7,89
Woman 4,88
City Wok Owner,88
Daniel,88
Newt,87
Uriel,87
Top Official,87
Paramedic,87
ATF agent,87
Grant,87
President Calderón,87
CIA Vice Head,87
Don,87
John Walsh,87
Trucker,87
Volunteer,87
Terrance & Phillip,87
Mr. Freely,87
Sony President,87
Adolf,86
Mr. Derp,86
Computer,86
Conan O'Brien,86
Sid,86
HotForBoys219,86
Together,86
Field Reporter 3,86
Dio,86
Kevern Zaksor,86
Pastor Phillips,86
Romanian Official,85
Factory workers,85
Chickadee-y,85
McGillicuddy,85
OC Member 1,85
Psychic,85
Rescuer 1,85
Nathan's Mom,85
Clerk 3,84
News Anchor 2,84
Patron 1,84
Announcer 3,83
Dean Howland,83
Gordon,83
Kid 1,83
Dahmer,83
Liane and Cartman,83
Surgeon-General,83
Cat,83
Kindergartners,82
Fireman,82
Snarf,82
Principal,82
Protesters,82
Betsy MacIntosh,82
George Bush,82
Florence,82
Buddha,82
Butt Out!'s Kyle,82
Vince,81
Ranger Pete,81
Bearded Man,81
Future Cartman,81
Millie,81
Ginger 1,81
Dr. Land,80
Quint 2,80
Louse 12,80
Yao,80
Host 1,80
Country Singer,80
John Travolta,80
Kyan,80
Michael Collins,80
Gunsmith,80
Michael Buffer,80
Joline,80
Sound man,80
Travolta,80
Mall Hankey,79
WCB President,79
Jakovasaur,79
Tweek's Mom,79
Ellen,79
Mr. Varcas,79
Tron Guy,79
Evil Stan,79
Jefferson,79
Phyllis,79
Mr. Bell,79
Robert Smith,78
Sky-fi Reporter,78
Librarian,78
Jimmy Buffett,78
Boy 3,78
Candice,78
Prime Minister,78
Aunt Jemima,78
Ginger Boy,78
Expert 2,78
Uncle Jimbo,78
Fuhrman,78
Trainer 1,77
Maitre D,77
Mormon 2,77
Kitty,77
Hyde,77
Demonius,77
Bailey,76
Teen 1,76
Hippie,76
Walsky,76
Mormon 1,76
Female Reporter,76
Evil Kyle,76
Falsetto,76
Old Monk,76
Police Captain,76
Gordon Stoltski,76
Her crotch,75
Girlfriend,75
Martin,75
Kid 2,75
Spirit,75
Chef's mom,75
Mrs. Feegan,75
Guard 3,75
Hell Director,75
AARP leader,75
Shopper 2,74
Teen Boy,74
Chief Stevens,74
Mr. Allens,74
Mr. Hollis,74
Male CPS Agent,74
Michael Bay,74
Munky,74
Matt Lauer,73
Usher,73
al-Zawahri,73
Rep,73
Geoff,73
Member 2,73
Greeter,73
Mr. Farkle,73
Mousey,73
Lady 1,73
Wise Man,73
Kip's Dad,73
Tom Nelson,73
Burns,72
Gino,72
Woman With Brown Hair,72
Front Desk Officer,72
Michael Jackson,72
Grey Hat,72
Mrs. Donovan,72
Patron 2,72
Gacy,71
Christina Naylon,71
Riley,71
Mortician,71
House,71
Indian Chief,71
Deery,71
Doorman,70
Mitt,70
Man 12,70
Quint 1,70
Girl 2,70
DogPoo,70
CD,70
Exec. 1,70
Dude,70
Woodland Critters,70
George Bailey,70
Host 2,70
Cartman Smurf,70
Rabbity,70
Everybody,70
Mr. Pratt,70
Otter Leader,69
Agent 6,69
Head of Public Safety,69
Lion Cub 3,69
Daughter,69
Butters and the Freaks,69
Webber,69
Tech 4,69
Farmer Friend 2,69
Mr. Tenorman,68
British Cardinal,68
Don King,68
Elder Harris,68
Emmanuel Lewis,68
Al-Zawahri,68
Pops,68
Cajun Shrimper,67
Conner,67
Rabbi 2,67
Matthew McConaughey,67
Annoncer,67
Treasurer 1,67
Frothgar,67
Elderly Priest,67
Ms. Sanders,67
Police Officer,67
Boy 4,67
Kathie Lee,67
Adults,67
Superman,67
Carl,67
Carter,67
Davis,67
Tony Kornheiser,67
Horace,67
Raccoony,67
Korashki,67
Soldier 1,67
Singers (Widelife),66
Another Mayor,66
Princess,66
Al,66
Bob Summers,66
Mel Gibson,66
Ellen DeGeneres,66
French Canadians,66
Female singer,66
Oprah Winfrey,66
Aunt Nellie,66
Shopper 4,65
U.N. Leader,65
Network Anchor,65
Sidney Poitier,65
SNN reporter,65
Male,65
Rachel,65
Melita,65
Jesus' Producer,65
Vernon,64
Member 3,64
Nick Nolte,64
Pirate 4,64
The Dragon,64
Supporters,64
Elder Schwartz,64
Robber 1,64
U.S. Army Official,64
TupperWear,64
Paolo Captain,63
Agent 4,63
Britain,63
Peter Panda,63
Clerk 1,63
Train Conductor,63
Attendant 1,63
Foxy,63
Frank Hammond,62
KIT-9,62
Al Roker,62
Heather,62
Carrot Ass,62
Specialist 3,62
Supporter 1,62
Postman,62
Pink Hare,62
Kyle Broflovski,62
Official 2,62
M. Night Shyalaman,62
Beary Bear,62
Gandalf,61
The Males,61
Beelzeboot,61
Kale,61
Fireman 1,61
Larson,61
Agent Keen,61
A British person,61
Male 1,61
Odd Boy,61
Laborer 2,61
Younger man,61
KFC Exec,60
Horatio,60
Left,60
The Males (Randy),60
Copilot,60
Gary Condit,60
Trey Parker,60
Attendant,60
Mrs.McCormick,60
Umpire 2,60
The Situation,59
Polly Prissy Pants,59
Girls' Table,59
Carson,59
Hopkins,59
Passenger 1,59
Stephen Tamil,59
Stripper,59
Afghan Boys,59
Lamb Chop,59
Laborer 5,59
Milly,59
Crewman 1,59
The Human Kite,59
Emperor Hirohito,59
Lucas,58
Student 1,58
Radio Host,58
Jerry Sanders,58
Kobe Bryant,58
Regis,58
Kurt's hologram,58
Asian Reporter,58
Thad,58
Detective 3,58
Obese Woman,58
Senator 2,58
Lion Cub 2,58
Lion Cub 1,58
P-Train,58
AAA Leader,58
Orator 2,58
Pat O'Brien,58
Taco Bell Exec,58
Cop 1,58
Jack Brolin,58
Miley Cyrus,58
Patron 3,58
Gelgamek Cardinal,57
Luke,57
Murderin' Murphy,57
Miller,57
Pirate 5,57
Commentator 2,57
Muscleman Marc,57
Lead Alien,57
Leprechaun,57
Jessica,57
Sheila Broflovski,57
Skunky,57
Kal,57
Thin Cop,57
Edge,56
Agent 3,56
Male Psychic 1,56
Tele's Owner,56
Elmo,56
Chase,56
Maintenance Guy,56
The boys,56
Zazul,56
Angel 3,56
Schwartz,56
Purity Boy 1,56
Lab Tech 1,56
Pilgrim,55
Ranger,55
Red Cross Dude,55
Congregation,55
Guest,55
Tracy,55
Judge 1,55
David Letterman,55
Orator 1,55
Joint,55
Mailman and Kids,55
Nick,55
UAA Woman,55
Lucy,54
Charise,54
Hippie 2,54
Shopper 1,54
French Delegate,54
Layman,54
Volunteer 3,54
Older Louse,54
Case Worker,54
TSA Agent 2,54
OC Members,54
Mr. Tuong,54
DMV Official,54
Squirt,54
Center,54
Army Official,54
Morgan,54
Zytar,53
EOD Leader,53
HC Driver 7,53
Crab Leader,53
Assemblywoman 2,53
A Woman,53
Porcupiney,53
Tech 2,53
Tommy,53
Shopper 3,52
News Reporter,52
Man 14,52
Taller Boy,52
Hillary Clinton,52
Lead Ginger,52
Man on Porto Potty,52
Male Host,52
Short Reporter,52
Quadraplegic Swiss man,52
Cartmans/Boys,52
Fans,52
Mrs. Brooks,52
Female announcer,52
BUDS Man,52
Richardson,52
Delivery Man,51
Adams County,51
Voice Notification,51
Congressman 2,51
Marc,51
Caller,51
Human Wendy,51
Stinky,51
Dr. Tonton,51
Construction Worker,51
Zeus,50
The Minotaur,50
Chef Actor,50
Lois,50
Joe Strummer,50
Band Member 1,50
Sawitzky,50
Soldier 4,50
Lady Member 2,50
Vanessa,50
Reporter 4,50
Japanese woman,50
Japan,50
Gang Members,50
Cleric 3,50
Page,50
Fat Man,50
Teen Girl 1,49
Tape,49
Sparkly Vampire,49
Teen 2,49
Mrs. Garrsion,49
Head Adventurer,49
Member 7,49
Alarm,49
Roma,49
Swiss Delegate,49
Bum,49
Kid,49
Choir Boy,49
TSA Agent 1,49
Teen girl,49
Karin,49
Crab Man 2,49
Les Claypool,48
The Girls,48
Seniors,48
Big Stan,48
Neo,48
Trapper Keeper,48
Broker,48
Moderator,48
Drew,47
Wolf Blitzer,47
Miner 3,47
Campers,47
A Santa,47
Guest Speaker,47
DJ AM,47
DC Captain,47
Geologist 2,47
Treasurer 2,47
Choir Girl,47
Townsman 2,47
Driver 1,47
Everyone,47
Brunet Trekker,47
Mrs. Tucker,47
Bearded PeTA Member,47
Shelley,47
Stephen Stotch,47
Goat,47
FBI Leader,47
Ghetto Avenue Boys,47
Shopper 6,46
Registrar,46
Top Official 2,46
Indy,46
Meat Loaf,46
Elderly Driver,46
Police Chief Stevens,46
Finland,46
Blackjack Dealer,46
Harold,46
An Expert,46
Frankenstein Alien,46
Stu,46
Lady Judge,46
Tea Bag Participant,46
Chauffeur,46
Man With No Face,46
Chief Elder,46
Policeman 1,46
UAA Member 1,45
Pirate voice,45
Worker 4,45
Installer,45
Leroy,45
Senator 3,45
Cowboy,45
M,45
Stingray Announcer,45
Chorus,45
Mrs. Appleby,45
Midget,45
Butt Out! Lady,45
Barbrady Actor,45
Tour Guide 2,45
Pricipal Victoria,45
Tom Johansen,45
Posse,44
Hotline Man,44
Male Nurse,44
ET Reporter,44
Caroline,44
Younger Boy,44
Boyfriend,44
Jo,44
Female,44
Director 5,44
Resident Bishop,44
Uncle Budd,44
Representative,44
Dylan,43
Black Bitch,43
Ms. Turnod,43
Jessie,43
Romanian official,43
Kid 4,43
FOX 11 Anchor,43
Head Waiter,43
"Steve ""Last Call""",43
Mrs. Campbell,43
Jenkins,43
Designer,43
Editor,43
Mr. Harris,43
Bat dad,42
Danish Man,42
The Wizard,42
Guy Fieri,42
Baahir,42
Man With No Limbs,42
Mr. Brooks,42
Mr. Triscotti,42
Treasurer 3,42
Boat Ride Singers,42
REO Speedwagon,42
Hancock,42
Tom Hanks,42
Charles Biggens,42
Field Reporter 2,42
Boy #2,42
Toss-A-Ball Operator,42
Cartman on Left,42
Joe Jonas,42
A bishop,42
Short Man,42
Bee Alien,42
Male Diner,42
Soldier 5,42
Snooki,42
Jim Irsay,42
Spiky Vampire,42
Scoutmaster 2,41
Junjun,41
Others,41
Fat Girl,41
Jimmie Johnson,41
M. C.,41
Schlomo,41
Amir,41
Mrs. Hakeem,41
White Official,41
Dispatcher 1,41
John Elway,41
Townsman 6,41
Soldiers,41
Otis,41
Mrs. Landis,41
O'Reilly,41
Otter 1,41
A Man,41
Number 17,41
Coach 2,41
Resident 3,41
FC Announcer,41
Teen Girl 2,40
Refugee Man 4,40
Duncan,40
Tooth,40
"Stan, Kyle, Cartman",40
Hippie 1,40
Fat Boy,40
Senator 1,40
Angel 5,40
Parents,40
Av 1,40
Rudy,40
Jimmy Kimmel,40
Staffer 2,40
Naked Man,40
OC Member 3,40
Sound Engineer,40
Spy Angel,40
Motel Clerk,40
Guard 6,40
Females,40
Jamie,40
"Cartman, Choir",40
Mr. Jarvis,40
Flannagan,39
Male Counselor,39
Worker 3,39
Fillmore,39
Slim Reporter,39
A Girl,39
Amber,39
Rockety Rocket,39
Crowd outside,39
Emo Boy 1,39
Bob Dole,39
Ghost,39
Congressmen,39
Skid Row,39
Transient Man 6,39
Dental Floss,39
Canyoner,39
Wigger,39
Hatoyama,39
Greeley Officer 3,39
Elderly Woman 1,39
Black Official,39
Hobo,39
Spirit 2,38
Girl 3,38
Minister of Sports,38
China,38
Mrs. Cartman,38
Chris Crocker,38
John Cena,38
Little Girl,38
Female Agent,38
Hat McCollough,38
Tugger,38
Astronaut 1,38
Cheesy Poofs Commercial,38
Talk Show Host,38
Blonde PeTA Member 2,38
Robber 2,38
Rescuer 2,38
Bill Clinton,38
Senator,38
Patron 8,38
Ms. McCormick,38
Another Cardinal,38
Road Warrior Queef,37
Board Member,37
Willy,37
Darth Chef,37
Translator,37
Marsha,37
Head Baker,37
Suzette,37
Congressman 3,37
Louse 7,37
Canadian Paparazzo,37
Line Ride Operator,37
Cardinal,37
AARP member,37
Raisins Girl,37
Priest 2,37
The Parents,37
Denver Poll Worker,37
Refugee Man 2,37
Cops,37
Transient Man 1,37
Bobby Flay,37
Dennis,37
Alias 1,37
Toothbrush,37
Crewman 2,37
Flight attendant,37
Man With Grey Hair,37
Jamie Oliver,36
Red-Haired Woman,36
Ralph,36
Derek,36
Worm,36
Patron,36
Agent 7,36
Controller 2,36
VJ,36
Caller 3,36
HC Driver 6,36
Anchorman 2,36
Tough Guy 2,36
Protester,36
Jada Pinkett Smith,36
HBC Reporter,36
Frances,36
Female Detective,36
Big Man,36
Mr. Tucker,36
Isiah,36
Boy #1*,36
Tech 1,36
Black Plumber,36
Officer 6,36
Mob,36
Bar Patron 1,36
Madame Foreperson,36
Female Agent 2,35
Jersey Man,35
Jacqueline,35
Crewman 3,35
Denver Pitcher,35
Agent Marx,35
TCO Reporter,35
Blonde PeTA Woman,35
Rabbi 5,35
Lead Agent Collins,35
The Freaks,35
Members,35
Broderick,35
Frank Sinatra,35
Camp Soldier,35
R. West,35
Blaintologist,35
Director 4,35
Kenny G.,35
ATF Leader,35
Twirler 2,34
Police Officer 2,34
Señor Lopez,34
Token's Mother,34
Radio Talk Show Host,34
Board Rep 1,34
Leeroy,34
Girl 2's Father,34
The Lords,34
Passenger 3,34
Protestor #3,34
Mona,34
Shari,34
King Claudius,34
Paula Deen,34
Hitler,34
Ed,34
Resident 2,34
TV,34
Emmett,34
Mamsie,34
Man in Vest,34
Shopper 7,33
Inductees,33
Old Man,33
Member 5,33
Fr. Maxi,33
Agent 5,33
Taylor,33
Assemblyman 2,33
Australia,33
Hippie 3,33
Agent Sharp,33
Elderly man,33
Elton John,33
Pit Crewman,33
Figure 1,33
Band Member 2,33
Blond Trekker,33
Employee,33
Townsman 1,33
A caller,33
Shoppers,33
Goodly,33
People,33
Vacationer 1,33
"Van Gelder, Mr. Mackey",33
Hippies,33
Staffer 1,33
BBC Anchor,33
Weird Man,33
Rod,33
Lars,33
DOI 3,33
Elderly Man 2,33
Sonny,33
An officer,33
Mrs. Tenorman,33
Another Ambassador,33
Recruiter,32
Rich kid,32
Glinda,32
Female Host,32
Advisor,32
Francis,32
Subway Rep 2,32
Louse 9,32
Mr. Appleby,32
Mr. Valmer,32
Salon Girl,32
Angel,32
Staffer,32
Jai,32
Girl in Puppy T-shirt,32
Redhead,32
Astronaut 2,32
Best Buy Rep,32
Transient Man 4,32
Tyler,32
Roadie,32
French Cardinal,32
Queen Gertrude,32
White Chef,32
Henrietta's Mom,32
Jeff White,32
Mrs. Crabtree,32
John,32
Linda Black,32
Woodsy Owl,32
Lion-head Alien,32
Female Anchor,31
Jerry,31
Shoe Salesman,31
Gene,31
Caller 2,31
Ms. Williams,31
Brad Paisley,31
Alien 2,31
Eric Roberts (as Kevin!),31
Mrs. Polk,31
Woman 5,31
Patrick Swayze,31
Male Psychic 2,31
Frat Boy 3,31
Cartman's Good Side,31
KKK Members,31
New Kenny,31
Mormons,31
Patrick,31
General Disarray,31
Mrs. Brown,31
Player 70,31
Strummer,31
Player 1,31
Boy 5,31
Thompson,31
George Burns,31
Midnight Vampire,31
Chamber of Farts Operator,31
Kim,31
Foley,31
Burly man,31
Beavery Beaver,31
Computer Voice,31
Cop 2,31
Walter,31
TV Voice,31
Expert 7,31
Pat the Hammer,31
Mr. Pirrip,31
Old Man 2,31
CEO,31
Jukebox,30
UAL 3,30
Badger,30
Big-Eared Boy,30
Jinbo,30
Squirt 2,30
Pirate 2,30
Randy Singing,30
Board Rep 2,30
Stage Hand,30
Benedict XVI,30
Ed Sullivan,30
Paparazzo 9,30
Cinderella,30
PA System,30
Mr. Hart,30
Large Woman,30
Arab,30
Musician 2,30
Miss Aliton,30
Transient Man 3,30
Bar Patron 2,30
Policeman Brown,30
Danica Patrick,30
"Stan, Cartman",30
TV Newscaster,30
Rosie,30
Alan,30
Sinéad,30
Witches,30
Doctor 1,30
Whistlin' Willy,29
Dr Adams,29
Peter Griffin,29
Expert 10,29
Male 2,29
Miner 2,29
Hares,29
Scout,29
With boys,29
Cartman and the Gingers,29
Border Officer 4,29
Mr Mackey,29
Mr. Waters,29
Lead Vampire,29
DP Executive 3,29
Bill's hologram,29
Male Louse,29
Judge 4,29
Cee Lo Green,29
Mr. Casher,29
An Officer,29
Robber 3,29
Robber 4,29
Princesses,29
Poor Mom,29
SWAT Officer 3,29
Meredith,29
Crewman 6,29
Native American Chief,28
Gary Sr,28
Fisherman,28
Falcon,28
Kindergoth,28
Best Buy President,28
Redneck 11,28
Mimi,28
Barkley,28
Electronic Head,28
Whoopi,28
Tan Jovi,28
Assemblywoman 1,28
Dr. Spookalot,28
Banker,28
Blond Russian,28
Males,28
Toby,28
Scary Assistant,28
Patron with hat,28
Soloist,28
Fonzie,28
Pink Monster,28
Schwarzenegger,28
Spectator 2,28
Ted,28
Crab Man 3,28
Lil Mr. Garrison,27
Bloodrayne,27
Corporate Head,27
Man in Shorts,27
Other men,27
Bertha,27
Teen Boy 3,27
Ginger Girl,27
Border Officer 1,27
Kansas,27
Hankey Elf,27
Mormon 6,27
Tough Boy 1,27
"Cruise, Travolta",27
Staffer 3,27
Refugee Man 3,27
O.J. Simpson,27
Star Wars Kid,27
Big Woman,27
Scouts,27
Sixth Grader,27
Greeley Officer 1,27
Lady Protester,27
Flora,27
Incredibly Obese Black Man,27
Cruise Attendant,26
Lab Tech,26
Emcee,26
Goateed man,26
Bald Guy,26
Russel Crowe,26
Patty,26
Bald Convict,26
Right Breast,26
Barnaby Jones,26
Guests,26
Meredith Vieira,26
Child singers,26
Tupac's Hologram,26
Old-Timer,26
Old Woman,26
Robin Hood,26
Mrs. Harris,26
Blonde Russian,26
Teen Boy 2,26
Blond Girl,26
Lao Tse,26
Jim,26
Twirler 1,26
Canadian Man,26
Jeff Gordon,26
The Class,26
Women,26
Paul Allen,26
Guard 8,26
Afro Ninja,26
Tall Goon,26
Secret Service Leader,26
SS Agent,26
Sarah's Mom,26
Pizza Hut Exec,26
Annoucer,26
"Craig's father, Tom",26
British Delegate,26
Black Player,25
Wonder Woman,25
Ginger Boy 2,25
Dimitri,25
Man 15,25
Varashnu,25
Moroccan Cardinal,25
Cabbie,25
Ginger 2,25
Exec. 3,25
Real Mackey,25
Blood 4,25
Mrs. Hollis,25
Richie,25
Emo Girl,25
Protester 1,25
Executive,25
Lars Ulrich,25
The Broflovskis,25
Receptionist 2,25
Inmate,25
Nun,25
Purity Boy 2,25
Fan 1,25
Neely,25
Bookie,25
Psycho Janus,25
Sam,25
Spectator 1,25
Tom Green,25
Michael Moore,25
Jeff Arrando,25
Shlomo,25
R. Booth,25
Townswoman,25
Driver 3,25
Left Breast,24
Steve Irwin,24
Jarvis,24
UAA 1,24
Buddy 2,24
Agent 8,24
Charlie Sheen,24
Yolanda,24
Cowlick Vamp,24
Elders,24
Laura Tucker,24
Pirate 3,24
Patrons,24
UAL 1,24
A bodyguard,24
Rick James,24
Sixth Grader 4,24
A Teacher,24
Tough Boy 2,24
Clyde Frog,24
Official 3,24
Third Official,24
Transient Man 2,24
Biker 10,24
Rabbi 3,24
Lead Convict,24
Dreadlocked PeTA man,24
Officer 8,24
TV Crew Director,24
Expert 6,24
Medicine Man,24
FC Batter,24
Laborer 4,24
Gnome 5,24
Mr.Mackey,24
Stab,23
Mephesto Actor,23
Bum 14,23
Neo 2,23
Student 2,23
Teen boy,23
Louse 13,23
Wing,23
Alone,23
Jason Voorhees,23
Pirate 1,23
Farmer 2,23
Lead Soldier,23
Damla,23
Butt Out! Man 1,23
Sgt. Boll,23
DVDA,23
Other kids,23
Pig,23
"Mr. Hankey, Cornwallis",23
Kid's Mom,23
Older Worker,23
Blond Agent,23
Young Worker,23
Resident 8,23
Pope Francis,23
Frida,23
Cow,23
Controller 1,23
Large woman,23
A Cowboy,23
Father Barnes,23
Fat Cop,23
Ginger 3,23
Blonde Mother,23
Resident 9,23
Expert 3,23
Patron 6,23
Mr. Mathers,23
Robot,23
Brunet Boy,22
Tactical Officer,22
A hippie,22
Voguing Skier,22
"Kyle, Cartman",22
Duncan Everton,22
An Anchorman,22
Passengers,22
Biker 13,22
Number 24,22
Pirate 6,22
Blond Knight,22
Mitch Harris,22
Creature,22
Jared Fogle,22
Trainee Barbrady,22
Gretchen,22
Kenny G,22
Gas Mask PeTA Member,22
Female director,22
SP Team,22
Geddy Lee,22
Trinity,22
Lesbian 6,22
Local Announcer 1,22
Judge 2,22
Eric Roberts,22
Crip 2,22
Manning,22
Lead FBI agent,22
Audience Members,22
Stallone,22
Bill Gates,22
Johnny,22
Redneck 8,21
Scoutmaster 1,21
Mr. Black,21
Televangelist,21
Rosemary,21
David Lee Roth,21
Pam,21
Stan and Kyle,21
Lambtor,21
Sixth Grader 3,21
Nurse Goodly,21
Subway Rep 3,21
Matt Stone,21
Marsh Family,21
Right,21
Madman,21
Muno,21
Man 16,21
Steve Forbes,21
Boy Announcer,21
Stranger,21
Nibblet,21
Sgt. Masters,21
DP Executive 6,21
McDaniels,21
A Doctor,21
Ticket Teller,21
Pirates,21
Lesbian 4,21
Businessman,21
Director 7,21
Craig's Father,21
Woodpeckery,21
"Cartman, Butters",21
Cat Burglar,21
Mother 2,21
Elderly Man 1,21
Female Reporter 2,21
Lumberjack,21
Groundskeeper,21
Hall Monitor,21
Mr. Stevens,21
Postem,21
UAA 3,21
BP Man 3,21
Lion 2,21
Cleric 2,21
Cowboys,20
Redneck 5,20
Driver 3's Passenger,20
Pianist,20
The Pope,20
Nick Jabs,20
Boy Slave,20
All three,20
Mr. Needlebaum,20
Vivian,20
Shopper,20
Emily,20
Brandy's Mom,20
Paparazzo,20
Congressman 1,20
Magician,20
David Carradine,20
Ma'am,20
Customer 2,20
James Taylor,20
Resident 12,20
Collector,20
Soldier 6,20
Pizza Man,20
Mouse,20
Mr. Kitty,20
Disney Exec 3,20
Disney Exec 1,20
Goat leader,20
Germany,20
Yamal,20
Associate,20
Chief Running Pinto (Tommy Chong in his stoner voice),20
Cop,20
Boy #1,20
Crip,20
MJ's Hologram,20
Mr. Johnson,20
Other Officers,20
Michael Taylor,20
Blond Member,20
Goth Voice,20
Leader Turkey,20
Little Slave,20
Dispatcher,20
Mr. Denkins,20
Black Man,19
Trainer 3,19
Diner 1,19
Man In Middle,19
Female CPS Agent,19
Coucilman,19
Band,19
Linda Stotch,19
New Teacher,19
Elvis' Hologram,19
Hockey Player,19
The Jonas Brothers,19
Elvin,19
Other boys,19
Jill,19
Queen Spider,19
Selena Gomez,19
Paris Hilton,19
OC Girl,19
Cher,19
UAL Aide,19
Reporters,19
Dora,19
A Congressman,19
Indian 1,19
Protester 2,19
Biker 7,19
War Protester,19
Mormon 4,19
Disney Exec 2,19
Someone,19
France,19
Stan/Kyle,19
Man 13,19
Ed McMahon,19
NAMBLA Member,19
Photo Seller,19
Protester 3,19
Elderly Man 9,19
Beast,19
Elderly Man 6,19
Colleague 1,19
Rancid,19
Mephesto Tryout,19
Tiger Woods,19
Pedo 2,19
Female passenger,18
Jenny's Mother,18
Johnny Knoxville,18
Older Daughter,18
A cat,18
Convict 2,18
Officer 10,18
Press Coordinator,18
Brobee,18
Justin Bieber,18
Elder 3,18
Assemblyman 4,18
UAL 2,18
Eric,18
Teen Boy 5,18
Teen Boy 8,18
Queen Elizabeth II,18
Character,18
James Hetfield,18
Rescuer,18
Death,18
Confederate 2,18
Alex Spanos,18
Blond man,18
Paparazzo 8,18
Bellboy,18
Sgt. Larsen,18
Police drone,18
A Quint,18
Elderly Passenger,18
Deck Hand,18
Diner 2,18
Patrick Duffy,18
OC Member 2,18
Deputy 1,18
Millionaire Protesters,18
Laborers,18
Paparazzo 10,18
People in Crowd,18
Print Reporter,18
Fleetwood Mac,18
Rider 1,18
Billy's Mom,18
Elderly Man 8,18
Voice over,18
Red Cross Chick,18
Kris,18
Strawberry Shortcake,18
American Female,17
Anchorwoman,17
Geologist 1,17
Liane and Eric,17
Steve Nelson,17
Researcher 2,17
Game Voice,17
Rabbi 4,17
Angela Merkel,17
Tank Driver,17
Butt Out! Man 2,17
Alarm: Alert.,17
Melissa,17
Stan Marsh,17
Jake,17
Francis Ford Coppola,17
Alien Carl,17
Kindergartner,17
The other boys,17
Heidi's Mom,17
New Yorker,17
Employee 3,17
"Bridon, Wendy",17
Kid 3,17
A man,17
Predator,17
Emo Boy 2,17
White Bitch,17
Townspeople,17
Programmer 2,17
Agent 12,17
ESPN Announcer,17
Artist,17
Sixth Graders,17
Leonardo DiCaprio,17
First Mate,17
Marvin Marsh,17
Dispatcher 3,17
Lady 2,17
Deery Deer,17
Contestant,17
Halfy,17
Xenu,17
Lambtron,17
Ginger 4,17
Jogger,17
Lao Tzu,17
Comrade 1,17
Bum 7,17
With the Damned,17
Gerald Broflovski,17
Rob Schneider,17
Gnome 4,17
Miss Travis,17
"Stan, Kyle, Kenny",16
Archangel,16
Brunet Man,16
Quint 5,16
Citizen,16
SWAT Hansen,16
Mepehsto,16
Cous-Cous,16
Athlete,16
Studio Audience,16
Future Butters,16
Café 180 Patron,16
Nadia,16
ISIS Spokesman,16
Other classmates,16
Caller 1,16
A Nurse,16
Phl,16
Resident 15,16
Male Anchor,16
Protestor #5,16
Muslim 2,16
Jakovasaurs,16
Injured Man,16
Director 6,16
Biker 4,16
Senator 4,16
AA Speaker,16
Specialist 4,16
Jersey Woman,16
Angel 4,16
SNN anchor,16
Uncle Howard,16
Detective 4,16
Aliens,16
Supporter 5,16
Priests,16
Thin Plumber,16
Paparazzo 6,16
The Kids,16
Sports Reporter,16
Director 8,16
A woman,16
Rescuer 3,16
Rescuer 4,16
The Cotswolds,16
Tech 5,16
Little Vamp,16
Nobunaga,16
Nurse 2,16
Middle Dwarf,16
Poor Girl,16
Garrison 1,16
Mandy,16
Standing Patron,16
Purity Boy 3,16
Summit Host,16
Tardy Man,16
Centers and Right,16
"A singer, Goth Kids (singing)",15
A ring tone,15
Crewman,15
Louse 10,15
His Date,15
Sheriff,15
Sir 1,15
HC Driver 3,15
A Teen Boy,15
Creature from the Black Lagoon,15
Patricia,15
Landlord,15
Black Officer,15
A Melvin,15
Groupie,15
Other Men,15
Marksman,15
EVGames Clerk,15
Townsman 7,15
The Marshes' Answering Machine,15
Player 6,15
Cantor,15
M.C,15
Demon 2,15
Lesbian 7,15
"Dale Earnhardt, Jr.",15
Donna,15
Guide 1,15
Gambler 2,15
"Stan, Cartman, Kenny",15
A Driver,15
Other Soldiers,15
Other Members,15
Rookie Guard,15
Melvin 2,15
Engineer,15
Millionaire,15
Tough Boy 3,15
Cows,15
Photographer 2,15
Kylie's Mom,15
Garrison 2,15
Marcia,15
Older Woman,15
Fan 2,15
Specialist 2,15
Lion 1,15
Female Staffer,14
Haman,14
Mr. Geiger,14
Thomas McElroy,14
Romanian Protesters,14
Donald T. Brown,14
SWAT Officer 1,14
Congregants,14
Followers,14
Sia,14
Charlie Brown,14
Bodybuilder,14
Center 2,14
Biker 11,14
Suzanne,14
Other Bikers,14
The Broflovskis' Answering Machine,14
Stan/Kenny/ Cartman,14
A counselor,14
HC Driver 5,14
"Gerald, Kyle",14
Officer 9,14
Enrique Iglesias,14
Teen Boy 1,14
Constance,14
The Clergy,14
Storm Trooper,14
Mexicans,14
Analyst,14
Cartman's Bad Side,14
Twirler 3,14
Tree hugger,14
Randy's Boss,14
Denver Player 2,14
The King,14
Mr. Vladchick,14
Icarus,14
Lowes Pit Boss,14
Three kids,14
Cartman's Conscience,14
Assemblyman 1,14
Head nurse,14
Russia,14
Voices,14
Mr. Mackey's Father,14
Paparazzo 12,14
Mountie,14
Elderly Man 4,14
Mother 1,14
Sailor,14
Audience members,14
Ween,14
Ticket agent,14
Lift Operator,14
Volunteer 1,14
Redneck 10,14
"The Ramseys, O.J., Condit",14
Rick Watts,14
Iraqi,14
American Male 1,14
Male Crew 1,13
Israeli 2,13
KoRn,13
Tall Crip,13
Burger King Exec,13
SWAT Officer 4,13
Agent 9,13
Lorraine,13
Black Member,13
"Mrs, Circlovich",13
Smoker,13
Sixth Grader 5,13
Member,13
Hippie 5,13
Towel,13
Marilyn Manson,13
Felipe,13
Blond Officer,13
Rumsfeld,13
Passenger 2,13
Preacher,13
Farrah Fawcett,13
Blonde Nurse,13
Blonde Protester,13
Toss-a-Ball Operator,13
Wrestler,13
Townsman 5,13
Melvin 3,13
Brother Anderson,13
Barber,13
Fields,13
Fat Plumber,13
A Hall Monitor,13
Profile 6,13
Osric,13
Devil,13
SS Agent 2,13
Mr. Tweek,13
Residents,13
Denver Player 4,13
Trashman,13
Obese Man 2,13
Bennigan's Chef,13
The other kids,13
Resident 5,13
Italy,13
Token's father,13
Guard on Right,13
HazMat official,13
Captain Bly,13
Grandmother Mother,13
A Banana,13
Gambler 3,13
Israeli,13
Steve Bischiotti,13
Puffy the Bear,13
A Catfish,13
Barbardy,13
Artsy Man,13
Troupe,13
Comrade 2,13
Mr. Harrison,13
Tech 7,13
Elderly Woman 4,13
Elderly Woman 2,13
Officer Barbardy,13
Disciples vocalist,13
Milo,13
Vocalist,13
Denver Cop,13
Yimenez,13
Taller man,12
Redneck 4,12
Redneck 6,12
Diners,12
Revelers,12
Twirler 4,12
Bailiff,12
Rick...,12
White Bailiff,12
Weasel,12
Grandma Obama,12
Individual in crowd,12
Black kid,12
Apple Tech,12
Sixth Grader 6,12
Reenactors,12
Latino Protesters,12
Darryl,12
Female Aide,12
Assemblyman 3,12
The Adults,12
Melvins,12
Jay,12
Show Announcer,12
Soccer Captain,12
Lab Tech 3,12
Lead Referee,12
Cipac,12
Paratrooper,12
Resident 11,12
Gnomes,12
Angel 12,12
Angel 11,12
Ethiopian,12
New Director,12
Sixth Grader 9,12
Biker 5,12
Townsman 4,12
Townsman 3,12
Driver 5,12
Police Commissioner,12
Iron Maiden,12
The Japanese,12
Supporter 2,12
A skier,12
Police Radio,12
Kindergarten boy,12
Penis,12
American Male 2,12
Charlotte Poll Worker,12
Programmer,12
Alias 2,12
Lesbian 10,12
Geldon,12
Hula Dancers,12
Violet Hare,12
"Kyle, Stan",12
Karl Rove,12
Guard 4,12
Indian Ambassador,12
Chinese kid,12
The Family,12
Cavity Creeps,12
DP Executive 1,12
Randy's profile,12
Looter 2,12
Cardinal Mallory,12
Park County,12
Mr. Circlovich,12
Colleague 2,12
Blood,12
Crewman 4,12
Becker,12
Ringtone,12
Towelie Clone,12
The Cubs,12
Other Kids,12
Redneck 19,12
Toodee,12
Elderly Woman 6,12
White Bouncer,12
Reporter 5,12
Larger Group,12
Paramedic 1,12
Pedo 3,12
News Announcer,11
Redneck 9,11
Ferrari,11
Mr. Jefferson,11
"Wendy, Cartman",11
Frakes,11
Denver Player,11
Head Concierge,11
Buddy 1,11
Tooth Decay,11
Ghandi,11
Female Gambler 2,11
Road Workers,11
Brett Favre,11
Hippie 4,11
All the boys,11
Louse 5,11
FC Team,11
Border Officer 3,11
Resident 10,11
Cowboy 2,11
Paparazzo 7,11
Redneck 20,11
Redneck 22,11
Fat Priest,11
Ticket 2974 Holder,11
Earl,11
Biker 3,11
Player 3,11
Girl in O T-shirt,11
Profile 2,11
Retarded Fish,11
Hare 5,11
Mr. Farnickle,11
Volunteer 4,11
Stevens,11
Bushy Eyebrows Boy,11
Officers,11
Bab,11
Saddam/Chris,11
Blonde PeTA Member,11
Orc,11
Little Boy,11
Colin,11
Shades Vamp,11
Mrs. Melman,11
Agent 10,11
Agent 11,11
BP Man 1,11
T-Shirt Vendor,11
Alvin,11
Cleric 1,11
Personnel,11
Uncle Murray,11
Whispers,11
Gambler 1,11
Protester 4,11
Fire Chief,11
With the Kennedys,11
Dark Cub,11
Grandma Marsh's profile,11
Male passenger,11
COCKA-3,11
Coon's Friends,11
Pan,11
Man with No Limbs,11
Dreadlocked PeTA Man,11
Diner 3,11
Big Blonde,11
Bum 9,11
Ashley,11
Cowlick Vampire,11
Reginald,11
Eugene Levy,11
Students,11
Man in Brown Shirt,11
Gnome 3,11
DP Executives,11
Garth,11
Denver Catcher,11
Uncle Stinky,11
Garrison Actor,10
A Red Wing,10
Shopper 5,10
Shopper 9,10
Passer-by,10
Denver Goalie,10
Ostrich-baby,10
Iggy's Ass,10
Other Musicians,10
Sparky,10
Member 6,10
Younger Man,10
Uncle,10
Tom Brady,10
Some men,10
Cartman's voice,10
The Giant,10
Denver Guard,10
Profile 1,10
Male hippie,10
Lesbians,10
Fed,10
Somali 2,10
Quint #2,10
Raisins Girls,10
Biker 15,10
Brent Musberger,10
Pirate 8,10
Dispatcher 2,10
Simon,10
Ride Operator,10
Grandpa Marvin,10
Blood 5,10
Blood 2,10
Occupant,10
Emo Boy,10
Second Baseman,10
Man in briefs,10
Dream Estella,10
Canadian 1,10
Protestor #1,10
Voice 1,10
Princess Diana,10
Missy,10
Critter,10
Brunette Nurse,10
Skynard Man,10
Lady,10
Center 1,10
ALF Member,10
Richard Tweek,10
Head Agent,10
Officer Harris,10
Jersey People,10
Sussan,10
Denver Player 3,10
Middle Prostitute,10
DP Executive 2,10
Supporter 3,10
Ramdu,10
Mr. T,10
Puerto Rican Player,10
Resident 6,10
Cheerleader 1,10
Kids at Finish Line,10
Japanese Man 3,10
Japanese Man 5,10
Esther,10
Some people,10
Roadie 2,10
Alias 4,10
Bikers,10
"Sheila, Gerald",10
Counselor Steve,10
Prop. 10 Supporter,10
Fan wearing #3,10
Clown,10
Army Doctor,10
Elder Carn,10
Susan92's profile,10
Mr. Tumnus,10
Redneck,10
Baby,10
Two Elders,10
A Quarantine,10
Older kid,10
Carson replica,10
Bald Knight,10
McGuire,10
Other NAMBLA Men,10
Damned Soul,10
Bums,10
Guest 2,10
Other Execs,10
Firefighter,10
Terrorist #1,10
Side Judge,10
Nicki,9
Mrs. Streibel,9
"Randy, Stan",9
Squirt 1,9
Secretary 1,9
Indiglo Girls singer,9
Flight Attendant 1,9
Man 17,9
Programmer 5,9
Lieutenant,9
Black Woman 2,9
Jakovasaur Boy,9
Reveler 2,9
Man with Mustache,9
Accordionist,9
Woman 7,9
"Congressman 1, Cartman",9
UAL Leader,9
Stewie,9
Mr. Hat 2,9
Mr. Hat 1,9
Sarah Valmer,9
Japanese Man 2,9
Japanese Man 1,9
A Guest,9
Tourist,9
Biggie Smalls,9
Rex,9
Viewer 1,9
Butters' profile,9
Pirate 7,9
Black Bouncer,9
Louse 4,9
Ben Rothlisberger,9
Female Nurse,9
SWAT Officer,9
"Chef, Veronica",9
Butter's Voice,9
Patron 9,9
Otters,9
A singer,9
Crab People,9
"Stephen, Butters",9
Protestor #2,9
Scientist 3,9
Numa Numa,9
Woman Supporter 1,9
Kevin Donahue's profile,9
Springer,9
Other mothers,9
Café Monet diner,9
A Diner,9
Profile 5,9
Crips,9
The Queer Eye Guys,9
Hare 7,9
Her Blossom,9
Chef (recording),9
Employee 1,9
Zombie,9
A guest,9
Voguing Skier 2,9
With Males,9
Black Woman,9
New Mormon,9
Millionaire 1,9
Alias 3,9
Jersey Man 2,9
Dr. Doom,9
Japanese Woman,9
Cartman on Right,9
Bonds,9
Referee 2,9
Background Singers,9
Elderly Man 3,9
Shopper 13,9
Townsman 9,9
Blonde 2,9
Bradley Biggle,9
Av 3,9
Crewman 5,9
Braided Crip,9
Boys 1/2,9
Donald,9
With Boys,9
Sergeant Yates,9
Chad's Dad,9
Elderly Woman 3,9
Wally B.,9
Contestant 2,9
Laborer 3,9
Townsperson 1,9
Kid #2,9
Child,9
"Randy, Sharon",9
The kids,8
Theme,8
Spectators,8
Popeye,8
Mother Lion,8
Toothpaste,8
Younger Daughter,8
FBI agent,8
LSX Reporter,8
Flight Attendant 3,8
Flight Attendant 2,8
Quint 4,8
Bum 13,8
Director 10,8
Matthew,8
Programmer 3,8
Redneck 7,8
Jakovasaur Kid 5,8
Louse 11,8
PeTA Man,8
Ride operator,8
The group,8
Steamy Nicks,8
FC Fat Player,8
Terrance/Phillip,8
Woman 6,8
AARP member 3,8
P. Sanchez,8
Ensign,8
Bulter,8
The men,8
Baker 2,8
Trooper,8
Natsako Semu,8
Brunette 3,8
Viewer 3,8
Hippie 6,8
Louse 8,8
Hard Candy,8
Mrs.Tucker,8
Kenya,8
Elderly Lady,8
Passenger 4,8
Blood 1,8
Tron Soldier,8
Female director 2,8
Headless Horseman,8
Scientist 5,8
A Terrorist,8
Peters,8
Voice 2,8
The Boy,8
Suitcase,8
Bearded man,8
Car Salesman,8
Spiky Vamp,8
The Ramseys and Condit,8
Melvin 1,8
Proprietor,8
Angel 6,8
Crab Solo,8
The Phantom,8
Weird Hat Guy,8
Russell Crowe (off-screen),8
Former Coach,8
Driver 4,8
DC Crewmen,8
Hare 3,8
Dick Cheney,8
Tech,8
The Streible Girls,8
Gary Johnson's profile,8
Citizen 2,8
Pirate Choir,8
Filmore's Supporters,8
Scuzzlebutt,8
Refugee Man 1,8
The Harrisons,8
"Celine, Terrance, Bob, Phillip, and people on the field",8
Marine,8
An Official,8
Security Guard 1,8
Townsperson 2,8
Guard 9,8
Guard 7,8
Gil,8
Nurse 1,8
Ethiopians,8
Jerry Jones,8
Gambler 4,8
Everyone Else,8
Instructors,8
Paparazzo 11,8
Townsman 15,8
With Females,8
Kylie,8
Black Man 2,8
Dawkins,8
Miner 4,8
Townsman 16,8
Diner 4,8
Draco,8
Boy in glasses,8
Wrangler,8
Gram'ma,8
Redheaded Prostitute,8
Manuel,8
Angel 9,8
FBI Negotiator,8
BP Man 2,8
Marklar dispatcher,8
The Team,8
Player 4,8
"Mysterion, the Coon",7
Deckhand,7
Redneck 1,7
Purple Hare 2,7
Suicide 1,7
Helen,7
Bum 16,7
Biker 8,7
Blond Cop,7
Blind Man,7
Hammerhead Man,7
Donald Rumsfeld,7
Tim Burton,7
A fan,7
"Kyle, Kenny",7
Male Guest,7
ManBearPig,7
Trainer 2,7
Ho,7
Elderly Man 11,7
Female Gambler 1,7
Bronco 2,7
Border Guard,7
"Boys, Hankeys",7
Cartmen,7
DC Crewman,7
Bronco 1,7
Louse 2,7
Paparazzo 2,7
Jimbo Kern,7
Resident 13,7
Lab Tech 2,7
Small Group,7
Formena,7
Expert 11,7
Mrs. Sanders,7
FC Catcher,7
Blood 3,7
Pueblo Team,7
Other priests,7
Roland,7
Butt Out! Man 3,7
Siimon,7
Band Member 3,7
Other Women,7
Pueblo Dad,7
Lil Kim,7
Moviegoer,7
Gary Coleman,7
Girl In Pink,7
DP Executive 5,7
Nathan's Dad,7
All five quints in unison,7
Female hippie,7
Greeley Team,7
Stan/Kyle/ Cartman,7
A Musician,7
The Other Boys,7
Refugees,7
Third Graders,7
Middling Group,7
Bible Vendor,7
Random Voices,7
Three Tortured Souls,7
Large Crip,7
Roulette Dealer,7
Apple Man 4,7
Rescuer 6,7
Rescuer 5,7
Cartamn,7
Staff,7
Elderly Man 7,7
Greeley Officer 2,7
Hooker,7
German 1,7
Jimmy Buffet,7
Kyle's Team,7
Prerecorded Voice,7
Kanye West,7
Garrison's profile,7
Top Girl,7
Wyoming Coach,7
Reenactor,7
Funbot,7
UAA 2,7
Vendor,7
Redneck 15,7
An Elderly Woman,7
Alanis Morissette,7
Assistant 1,7
Other Goths,6
"Jimbo, Ned",6
Muhammad,6
Fan wearing a blue star,6
Jordan,6
Castro,6
Bum 11,6
Other fans,6
Kyle.,6
Madonna,6
Stacy,6
Alien 1,6
Somebody,6
Obese Man,6
Both Cartmans,6
Lenora,6
AARP member 2,6
Aussie Crewman,6
Blue Team,6
Mr Garrison,6
A Fan,6
Biker 12,6
Biker 14,6
Redneck 14,6
Fangirls,6
Whistle,6
Louse 6,6
Louse 1,6
Priest 3,6
Gail,6
The class,6
Nancy Kerrigan,6
Captain Paul Watson,6
Frat Boy 1,6
Man In Yellow Jacket,6
Mr. Leon,6
Mr. Williams,6
Teen Boy 7,6
Carlos,6
Jakovasaur Kid 4,6
Gray Hare,6
Redneck 17,6
Male Aide,6
DC Crew,6
Elderly Tree Hugger,6
Scientist 4,6
Chinese Officer,6
Danish Woman,6
Center Gnome,6
A Bishop,6
Legless Boy,6
Redneck 28,6
Brunet Member,6
Townsman 8,6
Bar Patrons,6
"Penis, Mouse",6
Patient,6
Dick Dastardly,6
Hare 6,6
Cheerleader 2,6
Terrorists,6
Obese Lady,6
Lesbian 5,6
Viewer 2,6
"Butters, Cartman",6
Christina Aguilera monster,6
Hazmat man,6
Prostitute,6
Bishop 3,6
Mrs. Wyland,6
Tad's friends,6
Cheney,6
The TV,6
Barack Obama,6
BP Man 4,6
Gerald/Chris,6
Other Seniors,6
"Stan, Kyle, Kenny, Cartman",6
The Three Spirits,6
Mohawk Vamp,6
Bum 3,6
Blacksmith,6
Mayor McDaniels.,6
Shopper 12,6
Canadian,6
A few Congressmen,6
A Fangirl,6
Some audience members,6
Fan wearing #74,6
Dale,6
All Three,6
Yanogapa,6
Stan and Jesus,6
Peg-leg,6
Townsman 13,6
Mr. Hat Actor (!),6
Tom and Mary,6
Solders,6
HC drivers,6
Randy and the Boys,6
BBC Announcer,6
Tom Shane,6
The Boys (except Cartman) and Dr. Phillips,6
Pirate Ghosts,6
Guest 3,6
Secret Service Agent,6
Priest 4,6
Elderly Woman 7,6
Man in Barrel,6
Ethiopian Woman,6
Uncle Corey,6
Fan,6
Looter 1,6
Pedo 7,6
Shopper 10,6
Colleague,5
Ninja 1,5
Spontaneous Bootay,5
Man 18,5
Other man,5
Japanese Sailor,5
Date,5
Angels,5
Otter 3,5
Otter 2,5
Joanie,5
Redneck 2,5
Apple Man 2,5
SWAT Officer 5,5
Man 25,5
Man 26,5
Man 27,5
Man 22,5
Angelina Jolie,5
The Men,5
Poodle,5
Man in Crowd,5
AARP member 1,5
Alice,5
Red Wings Coach,5
Man 20,5
Man 32,5
Somali 1,5
Token's Father,5
Greeley Man,5
Exec. 4,5
"Gerald, Sheila",5
Old Woman 2,5
Customers,5
The Avs,5
Suicide 7,5
Japanese Delegate,5
Resident 14,5
Male Activist,5
Blood 6,5
Older brother,5
Border Officer 5,5
Jessica's Mom,5
Canadian 2,5
Angel 10,5
Female fan,5
Rabbity Rabbit,5
Man 19,5
Redneck 29,5
Redneck 24,5
Redneck 26,5
Cowboy 1,5
Mormon 5,5
Mover,5
"Kids, Chef",5
Woman Supporter 2,5
Angel 7,5
A Council Member,5
Supporter,5
Audience Member,5
American,5
Otter Soldier,5
Man 31,5
Man 30,5
Stanley,5
PS4 Army,5
DP Executive 4,5
Officer Bob,5
Stan and Kenny,5
A Guard,5
Man 29,5
Ike Supporter,5
Jakovasaur Kid 2,5
Looter 4,5
Looter 3,5
A pilot,5
AARP lookout,5
More Voices,5
Drummer,5
Japanese Man 4,5
Girl with Blue Vest,5
Crowd members,5
Native paddler in vest,5
Shopper 11,5
A Page,5
Henchman,5
Coworker,5
Rider 2,5
Spectator,5
Chef and James Taylor,5
Elderly Voice,5
Boy with Red Scarf,5
Many Men,5
Some Townsfolk,5
Man 28,5
Man 24,5
Man 21,5
Man 23,5
Resident 7,5
Redneck 23,5
Patron 5,5
TiVo,5
Reporter 6,5
Brad,5
Ms.McCormick,5
David Duchovny,5
Female Activist,5
Elderly woman,5
Stage hand,5
Barky,4
Scout Leader,4
Other campers,4
OC Member,4
Shopper 8,4
Guy with Long Hair,4
Craig's father,4
Redneck 3,4
Guy in Leather Jacket,4
Brazil,4
Photographer 1,4
Bum 12,4
Bum 17,4
Really Shocked Man,4
Bodyguard,4
Bea Arthur,4
Confederates,4
Other Vampires,4
Stormtrooper,4
Researcher 3,4
Persian,4
Cheetara,4
Joanie Cunningham,4
"Stan, Kyle, Cartman, Kenny",4
Elderly Man 10,4
Another addict,4
"Jason, Craig, Tweek, Token",4
Ben Roethlisberger,4
Redneck 12,4
Anchor 2,4
Evan Stone,4
Inmates,4
Monkey,4
Paul Shaffer,4
Secure group,4
Ninja 2,4
The rest of the boys,4
German 2,4
Pirate,4
Jakovasaur Kid 3,4
Jakovasaur Kid 1,4
Black Bailiff,4
Boy Sledders,4
Domino,4
Oragne cat,4
Purry,4
Crew,4
"McCain, Obama",4
Benjamin,4
Old Folks,4
Skier,4
Kyle's Side,4
Fireman 3,4
Reveler,4
Grizzled Man,4
Man On Crutches,4
Kids in Class,4
An Agent,4
Female Sailor,4
Paparazzo 3,4
Paparazzo 5,4
With Demons,4
Monk,4
Redneck 25,4
Redneck 21,4
Hippies and Kyle,4
Protester 7,4
Millionaires,4
Angel 1,4
Angel 2,4
Hemorrhoid,4
Police Officer 1,4
Player 2,4
Phlllip,4
Another Man,4
"Stan, Kyle, Blanket",4
The Crew,4
Loa Tse,4
Blonde Judge,4
Townswoman 1,4
Connor,4
A Politician,4
Other Sixth Graders,4
A Sign-Holder,4
Satan and Males,4
Hare 2,4
Girl with Brown Coat,4
Male voice,4
Employee 2,4
Kid 5,4
Lesbian 9,4
Two SWAT men,4
"Crew, Stan",4
Hildog Fan,4
Judge 3,4
Douglas,4
Mrs. Streible,4
A Member,4
Jakovasaur Girl,4
A boy,4
Premise Running Thin,4
Optometrist,4
Brown Hare,4
Another kindergartner,4
Ben Affleck,4
Janitor 2,4
American Male 3,4
Mongolian,4
People in Audience,4
Programmer 4,4
"Cartman, Kyle, Kenny",4
Other acts,4
Ugly Girl,4
Nick Jonas,4
"Neely, Davis",4
Cartman's Side,4
Ruby Tucker,4
Guard 5,4
Man With Picket Sign,4
Louse 3,4
A director,4
Tad and friends,4
Guest 1,4
Fan wearing #82,4
Celine,4
Elderly Man 5,4
The Office,4
Centers,4
Man in background,4
Obese woman,4
Robot Monkey,4
Some adults,4
Stan/Kyle/ Kenny,4
An Older Girl,4
Man in audience,4
Bum 1,4
Bum 2,4
Sheep,4
"Cartman, Stan",4
"Token, Kyle, Stan",4
South Park Men,4
Photographer 4,4
"Cartman, Kyle",4
Elderlay man,4
Zombie Mortician,4
Patron 4,4
Lice,4
Right Creature,4
Pedo 6,4
Lesbian 8,4
Bishop 2,4
The three men,4
Club Members,3
Iraqi Man 2,3
Collins,3
Guy in Audience,3
Players,3
Schroeder,3
"Tweek, Craig",3
South Korea,3
Replacement Friend,3
"Heidi, Millie",3
Crip 1,3
Anne,3
Lesbian 11,3
A crewman,3
"Thomas, Kyle",3
Sea Otters,3
Bar Patron,3
Satan/Chris,3
Both men,3
Other Cardinals,3
Chris/Saddam,3
Monitor Man,3
"Black Vamp, Mike, and Pete",3
A Protester,3
Another kid,3
Gene Siskel,3
Tow Truck Driver,3
Two Girls,3
"Stan, Jesus",3
Randy Marsh,3
FC Batter 1,3
Mr. Hammerhead,3
Punk,3
Chef and Principle Victoria,3
Protestor #4,3
Soldier 7,3
Mrs. Applegate,3
Other students,3
Redneck 27,3
Guy in flat top,3
Winner,3
Tommy and His Dad,3
Brunette 2,3
"Mike, Michael, and Pete",3
Townswoman 2,3
Hare 1,3
Hare 4,3
Photographer 3,3
Inductee 2,3
Various Folk,3
FDA Agent 1,3
Chip,3
White Hare,3
Blond Boy,3
Deputy 2,3
Programmer 1,3
Operative,3
"Chef, Victoria, Mackey",3
Both parents,3
Hasselback,3
A Dentist,3
Megan,3
Director 9,3
Dentists,3
Visitor Driver,3
Vamps,3
Co-Worker,3
Another boy,3
Townsman 14,3
Townsman 10,3
"Mark, Jenny",3
AARP Members,3
Black Man 3,3
"Mr. Mackey, Principal Victoria",3
"Satan, Chris",3
A Nun,3
New Yorker 2,3
Man with Afro,3
Male Voice,3
"Gary Sr., Karen",3
Expert 8,3
Cartman and Kyle,3
Expert 5,3
Desk Officer,3
Farmers,3
Inductee 1,3
Doctor's assistant,3
Fred Savage,3
Man In Wheelchair,3
"Clyde, Ike",3
Supporter 4,3
Agents,3
Pedo 4,3
Pedo 5,3
Iraqi Man 1,2
"Scott, Tyler",2
An Elderly Man,2
Kelly Menskin,2
Sixth Graders 2/3,2
UAA Member 2,2
Classmates,2
Frat Boys,2
All the kids,2
A few others,2
Motorcycle Driver,2
Suicide 5,2
Suicide 4,2
Suicide 6,2
Suicide 3,2
Suicide 2,2
Some KKK members,2
Older sister,2
Bum 18,2
Bum 10,2
Bum 15,2
Denver Fans,2
Woman 8,2
Member 4,2
"Red, Annie",2
The Guys,2
Student 3,2
Reenactor 4,2
Reenactor 2,2
Reenactor 3,2
Reenactor 1,2
Kyles,2
Some Kids,2
Fillmore and Friend,2
Crowd Members,2
Osama and the Taliban Soldiers,2
Stout Man,2
Damanta Unit 5,2
Reveler 1,2
Reveler 3,2
Reveler 4,2
Reveler 5,2
Another fan,2
Profile 3,2
The Nerds,2
Inductee,2
Pilgrim Girl,2
The three adults,2
New kid,2
All Gingers,2
The Ladies,2
Man 2 in Crowd,2
Denver Team,2
A Few People,2
Alien 3,2
"Jenny, Mark",2
Donald Trump,2
Both sides,2
The Ramseys,2
McCormick Parents,2
"Kyle, Butters",2
The other men,2
Sixth Grader 8,2
Kevin Jonas,2
Townsperson 3,2
One of the Cubs,2
Broncos,2
TAPS,2
The Kardashians,2
Black boy,2
Family,2
Pirate Voice,2
Man in crowd,2
Male Sailor 1,2
Male Sailor 2,2
"Stan, Kenny, Kyle",2
Blonde Boy,2
Yo Gabba Gabba,2
Frat Boy 2,2
HC Driver 2,2
HC Driver 4,2
"Token, Craig",2
Teen Boy 4,2
Kyle/Cartman,2
The others,2
The Other Kids,2
HC Driver 1,2
Motorcyclist,2
Redneck 18,2
Redneck 16,2
Roostor,2
FBI Agents,2
Older Girl,2
Eager Man,2
Executives,2
Crowd Member,2
Japanese Pilot,2
Sniper,2
Kelly Rutherfordmenskin,2
New Yorker 1,2
Canadian 3,2
Someone in the crowd,2
Assembly,2
Performer,2
Bear cub,2
"Nicole, Lola, Annie",2
UAL Member 1,2
Guy 1,2
Guy 2,2
Backup Singers,2
The Women,2
Protester 6,2
Protester 5,2
Biker 9,2
Joseph,2
Filmore*,2
Male Member,2
The Nuggets,2
Fifth Graders,2
"Bebe, New Kid",2
Redneck 30,2
Secure Group,2
All Celebrities,2
Pirate Ghost cutout,2
Profile 4,2
Sledders,2
"Stan, Kyle, Butters, Token",2
"Randy, Gerald",2
Other girls,2
Teens,2
Ishmael,2
Union Reenactors,2
Spectator 3,2
Gerald and Sheila,2
"Stan, Kyle, Butters",2
"Lola, Jenny, Red, and Wendy",2
Female voice,2
A few people,2
An Aged Voice,2
Dominique and Zizi,2
Bros,2
Some Folks,2
"Man 2, Woman 2",2
Numa Numa Guy,2
The Boys and The Brandos,2
Yanogapa 1,2
Both Kyles,2
Musician 3,2
"Kenny, Stan, Cartman",2
Muslim,2
Some People,2
The Others,2
"Kyle, Stan, Cartman",2
Mr. Torres,2
The other four,2
Demon,2
Robot Guard,2
Zipliner,2
Confederate Reenactors,2
Man in Back,2
OC,2
"Kyle, Towelie",2
Other psychics,2
Guests in line,2
New Yorkers,2
Bum 8,2
Confederate 1,2
Bum 4,2
Kyle/Stan,2
Commissioner,2
Principa Victoria,2
Mr. Glughgogawk,2
Floating Man,2
Man in foreground,2
"Stuart and wife, and Receptionist",2
Other Students,2
Gerry's Daughters,2
Pirate Ghost 2,2
SWAT rescuer Hansen,2
The South Park boys,2
Townsman 17,2
Townsman 12,2
Townsman 11,2
Molly,2
Most Senators,2
Patron 10,2
"Kyle, Stan, Butters",2
All three men,2
Blonde 3,2
Kids around Kenny,2
Denver citizens,2
Left Creature,2
Blond agent,2
Other Girls,2
Sound Man,2
Goths,2
Petey/Boys,2
Stuart and Mrs. McCormick,2
Lincoln,2
Av 2,2
Some boys,2
Ladies,2
Michael Richards,2
Mormon 3,2
"Kenny, Stan",2
Owners,2
"Kyle, Butters, Tweek",2
Other People,2
Techs,2
Two Small Voices,2
Patron 7,2
Other Townsfolk,2
Bum 5,2
Bum 6,2
Beat-up Boy,2
Some Guy,2
Guest 4,2
"Kyle, Ms. Crabtree",2
Both Parents,2
Yanogapa 2,2
Two Guys,2
"Dahmer, Gacy",2
Bear,2
Huddle,2
Cheesy Poof Cartman,2
Neighbors,2
Two kids,2
Other Vamps,2
"Clyde, Kenny",2
Michael Douglas,2
Mrs Cartman,2
Kids around Timmy,2
Cartman/ Kenny,2
Persians,2
Kid Magician,2
SP Adults,2
Recruits,2
The Gintses,2
Greeley Batter,2
Kelly Pinkertonstinfurter,2
The Other Members,2
Purple Hare,2
Bishop 1,2
Congressman,2
Enrique,1
Melvin 4,1
Sylvester,1
Gay Lion,1
